,year,hs07,rca_x,rca_i
0,2008,1.0,0.44030546560910316,3.273499116551567
1,2008,2.0,0.039997562707936196,0.3859175164646578
2,2008,3.0,3.419652491746245,0.1985908362030126
3,2008,4.0,0.6702167299360111,1.8685149277829105
4,2008,5.0,0.40432258584110836,1.0685665924656764
5,2008,6.0,0.12439354074886785,0.014303242811790205
6,2008,7.0,0.16946823324529856,0.7508371640934991
7,2008,8.0,0.39655704021447735,0.7812376213536171
8,2008,9.0,5.285456150878472,0.3061075562931586
9,2008,10.0,0.043634952118572726,1.6924699068709896
10,2008,11.0,0.09132439348997658,3.900771908695975
11,2008,12.0,0.245090221543615,1.7314556016484492
12,2008,13.0,1.551133927173417,0.9760436536267513
13,2008,14.0,9.534347982908097,0.11307214760533885
14,2008,15.0,11.949255719446292,0.1610091686079447
15,2008,16.0,2.211947688409668,0.17835018229109736
16,2008,17.0,0.45991217297495385,2.5003827547645407
17,2008,18.0,2.849790007030156,0.22778812711811205
18,2008,19.0,0.45680431067017047,0.5678021949092664
19,2008,20.0,0.609640113290155,0.34093868263102584
20,2008,21.0,0.41914613893012276,0.8108659165777692
21,2008,22.0,0.05654253057564491,0.24915492001176898
22,2008,23.0,1.2113125276480077,2.9602166055190513
23,2008,24.0,1.3269588961564416,1.7035380166048986
24,2008,25.0,0.7066157776149954,1.4029673968323946
25,2008,26.0,3.8321818320177736,0.21734868572059926
26,2008,27.0,1.536764160041782,0.851396282109434
27,2008,28.0,0.446954557941309,0.8954001025120729
28,2008,29.0,0.46005168499589905,1.182916451261069
29,2008,30.0,0.03158620158832544,0.12485621363237373
30,2008,31.0,0.06819403078652797,2.1655739116152772
31,2008,32.0,0.41283040269272303,1.6469173239578219
32,2008,33.0,0.49775677414295866,1.1898195243653635
33,2008,34.0,0.6005454010669549,1.4299705103988867
34,2008,35.0,0.1816747778144145,1.5720342821255366
35,2008,36.0,0.09819140710670309,1.414229199342442
36,2008,37.0,0.016864166306579817,0.6774711302578965
37,2008,38.0,1.1126888490413716,1.3617195473160058
38,2008,39.0,0.436326794376449,1.0436894143540596
39,2008,40.0,5.725858950644407,1.3362282337535458
40,2008,41.0,0.8949544705937375,1.9372202117555157
41,2008,42.0,0.6162504408278423,0.47322974936827755
42,2008,43.0,0.0035138440589805166,0.0878283978213446
43,2008,44.0,3.118632456319792,0.3865029144943603
44,2008,45.0,0.008523481727881964,0.09085021682786598
45,2008,46.0,4.689271806098988,1.0673032005056085
46,2008,47.0,3.7777442453467462,4.061770232434602
47,2008,48.0,1.6769314302113096,0.6500775647583054
48,2008,49.0,0.13406215522923723,0.26251609358917327
49,2008,50.0,0.03489677110314367,1.5357828117702585
50,2008,51.0,0.08061725779698084,0.6946802074837003
51,2008,52.0,1.2741680007717406,4.7841341531324275
52,2008,53.0,0.14758825792025995,1.8410010432161408
53,2008,54.0,2.5525602292136234,1.733275218122477
54,2008,55.0,5.408378451038417,2.808623529527447
55,2008,56.0,0.6309669247276346,1.3547686949195201
56,2008,57.0,0.34382061004598924,0.4455470216008775
57,2008,58.0,0.4218153119439389,3.4239722443348364
58,2008,59.0,0.6089017545274856,2.801182099401829
59,2008,60.0,0.3872911848064625,6.905266395304613
60,2008,61.0,2.5512737000251393,0.3883932818304036
61,2008,62.0,2.584760862967369,0.23690123637795615
62,2008,63.0,0.5010495734345258,0.2827082163313898
63,2008,64.0,3.414824448150302,0.4292729608377958
64,2008,65.0,0.748986505542743,0.4803578321214534
65,2008,66.0,0.6502115481392247,1.9874593165809442
66,2008,67.0,3.0844948436012034,0.7083924344843324
67,2008,68.0,0.31834360052177124,0.6930239768012724
68,2008,69.0,0.8116916414285223,0.7345338428475686
69,2008,70.0,0.6306356862400286,0.5365911017533374
70,2008,71.0,0.6716463188868663,0.08055628711100668
71,2008,72.0,0.2652495172963575,1.5932889141671576
72,2008,73.0,0.414508928754102,1.5821263767786078
73,2008,74.0,0.831321889928744,0.7883006310175202
74,2008,75.0,5.844129355658667,0.1809167409798392
75,2008,76.0,0.5380757159557552,1.0716475723272332
76,2008,78.0,0.03756731378872255,2.9740907071262406
77,2008,79.0,0.040154096122433876,2.3694943865419495
78,2008,80.0,31.52107497483256,0.2417211618579873
79,2008,81.0,0.005363214932648562,0.4992063850424788
80,2008,82.0,0.1005842735116323,1.135354369608861
81,2008,83.0,0.49707470594072295,1.4305094043466478
82,2008,84.0,0.3570829699118582,1.597732110434488
83,2008,85.0,0.6210363104807697,1.1509873320015451
84,2008,86.0,0.017415689508911036,0.273062872196875
85,2008,87.0,0.1881848281978359,0.7090760523245409
86,2008,88.0,0.017422849425982406,0.7732043776582945
87,2008,89.0,0.5158909130193089,1.2176277483922755
88,2008,90.0,0.25429623559656134,0.7007465747350562
89,2008,91.0,0.04140386543558473,0.6582320997029879
90,2008,92.0,11.388132017934286,3.582131341963763
91,2008,93.0,0.2962049913793676,0.1731219495400719
92,2008,94.0,1.561713145548864,0.33088459740386295
93,2008,95.0,0.5540594175801561,0.4468869295293435
94,2008,96.0,0.9700803425544452,1.6512279244459827
95,2008,97.0,0.08107738539028707,0.011404185932420896
96,2009,1.0,0.48309452435499783,3.2567885763226543
97,2009,2.0,0.0396647536958882,0.4140967407759593
98,2009,3.0,2.909728052192462,0.316958196273196
99,2009,4.0,0.8517331968282595,1.281151143281035
100,2009,5.0,0.3551018984661503,0.9300706952734022
101,2009,6.0,0.10663783863957774,0.020502270285096363
102,2009,7.0,0.2005832494088045,0.9721459614589172
103,2009,8.0,0.49114552753300594,0.9135855509802552
104,2009,9.0,4.586399026579145,0.45872791416979475
105,2009,10.0,0.009624571430270316,1.7710401328766383
106,2009,11.0,0.09170000949686873,3.3421533435737922
107,2009,12.0,0.22173365023324698,2.0013362714049188
108,2009,13.0,1.230316071504574,0.978700912936593
109,2009,14.0,8.368268800433105,1.6141763751678102
110,2009,15.0,15.41583177068112,0.3090617319941899
111,2009,16.0,1.9698235222463856,0.16055483464903703
112,2009,17.0,0.39142684346887624,2.8321788401128223
113,2009,18.0,4.095484850545902,0.25364349044985796
114,2009,19.0,0.5487092851325494,0.6020058066338382
115,2009,20.0,0.5176132090545099,0.3618193893183666
116,2009,21.0,0.4403321783323321,0.9310698354841236
117,2009,22.0,0.034174854596252975,0.3253321852490346
118,2009,23.0,0.6390766195061026,3.964358109475692
119,2009,24.0,1.539239039554551,1.7455528464964376
120,2009,25.0,0.6884911187569045,1.7917392643864525
121,2009,26.0,5.610534039793303,0.15901172321924478
122,2009,27.0,1.6253034766038832,0.9980259928421961
123,2009,28.0,0.36126462959719946,1.0349430272539482
124,2009,29.0,0.511842826398002,1.2404841223197156
125,2009,30.0,0.03853812288232647,0.1270782973708725
126,2009,31.0,0.343252543768039,2.601244886820118
127,2009,32.0,0.40740741957889665,1.6259710680302857
128,2009,33.0,0.38359589772422675,1.0759335162021206
129,2009,34.0,0.6781465513563553,1.2035790567185274
130,2009,35.0,0.18129994530259533,1.5167780196844758
131,2009,36.0,0.12176014979098787,1.6650309649394415
132,2009,37.0,0.014690653966453025,0.7449538721322664
133,2009,38.0,0.9204245968123835,1.079866015705274
134,2009,39.0,0.419879237575244,1.091700787192392
135,2009,40.0,3.9511031053037575,1.1823172527920482
136,2009,41.0,0.8394545140338837,1.8370175491387932
137,2009,42.0,0.644911888556443,0.42332698439668925
138,2009,43.0,0.005285562602429322,0.051507699375793616
139,2009,44.0,2.652354333190552,0.3578129333003095
140,2009,45.0,0.01051471580431329,0.07338055663931507
141,2009,46.0,4.61415832326045,0.5370028994781987
142,2009,47.0,2.8925835656849976,3.9363421525079065
143,2009,48.0,1.8398658629516955,0.6978416326931055
144,2009,49.0,0.10633047452863728,0.25769266752507475
145,2009,50.0,0.026669931227480716,1.6963608296117687
146,2009,51.0,0.06423158084789958,0.7899388440463441
147,2009,52.0,1.1505124329307581,4.424749333839056
148,2009,53.0,0.2559781193517936,1.6045192168553808
149,2009,54.0,2.2175412270123283,1.7294040539263273
150,2009,55.0,5.057560334381375,2.8422827535871082
151,2009,56.0,0.5947935624587191,1.4250473965540924
152,2009,57.0,0.33448134986715694,0.3803977332012305
153,2009,58.0,0.3570170305469537,3.4666614633424664
154,2009,59.0,0.6201913854929337,2.7976406898082447
155,2009,60.0,0.38047043560981325,7.115788650266779
156,2009,61.0,2.454851025888306,0.24874423297395643
157,2009,62.0,2.276616934749077,0.17952661183359567
158,2009,63.0,0.3724408368335415,0.30612688024156187
159,2009,64.0,3.3802363074732047,0.40239187150538946
160,2009,65.0,0.5400662628263871,0.2275739355967402
161,2009,66.0,0.4182285360937799,1.5878453331631783
162,2009,67.0,3.796326280452482,0.916996357746068
163,2009,68.0,0.30726505605988425,0.7812853569156227
164,2009,69.0,0.7016946873016343,0.6604810040254142
165,2009,70.0,0.5652078548232959,0.615401392041513
166,2009,71.0,0.9630676625521877,0.07650310482366439
167,2009,72.0,0.23700580168806876,1.6430239959950999
168,2009,73.0,0.33964691113095585,1.5162645097211516
169,2009,74.0,1.425436048781434,0.6236780426789975
170,2009,75.0,5.282801928767787,0.16915013529454279
171,2009,76.0,0.44591807340992123,0.9600614567248558
172,2009,78.0,0.07918037492205068,3.1207108056621005
173,2009,79.0,0.09509564717698138,2.1468550089047165
174,2009,80.0,38.1010654526782,0.4023594577544582
175,2009,81.0,0.011169358018673985,0.57743297184652
176,2009,82.0,0.10169230450369736,0.9757168587047826
177,2009,83.0,0.37356646382577385,1.074365665191223
178,2009,84.0,0.3736803751276592,1.6023915376065052
179,2009,85.0,0.5675598913209102,1.1331526838875137
180,2009,86.0,0.06147953203259222,0.2940955923203894
181,2009,87.0,0.17019862008725883,0.6895072424461473
182,2009,88.0,0.016407281312988724,0.6656787460239701
183,2009,89.0,0.09901993838716888,0.17687704067848045
184,2009,90.0,0.2549431293638251,0.6597915034292043
185,2009,91.0,0.049752788727377616,0.48743576271396827
186,2009,92.0,10.605142035245736,2.5325890940785074
187,2009,93.0,0.013006528049181974,0.662802347551559
188,2009,94.0,1.3365815984058647,0.38654388621240643
189,2009,95.0,0.5186033830340718,0.36439565386753114
190,2009,96.0,0.7829886715677903,1.4985118120394276
191,2009,97.0,0.12261546311059143,0.02149300185939751
192,2010,1.0,0.34760847097454806,2.418711462564168
193,2010,2.0,0.031488020674834166,0.4460072544998675
194,2010,3.0,2.400387055630362,0.3481323646581018
195,2010,4.0,0.38075464968464706,1.3533376825399221
196,2010,5.0,0.29968500861048747,0.6564349971952725
197,2010,6.0,0.10335871555037181,0.024796507684180354
198,2010,7.0,0.14705596686788291,1.025743811867474
199,2010,8.0,0.39763819096196235,0.8604911261086844
200,2010,9.0,3.634803864944724,0.2837621057965608
201,2010,10.0,0.01573398792954227,2.5012065543960067
202,2010,11.0,0.25937607651748285,4.090653123353136
203,2010,12.0,0.257709114834816,1.732226877361741
204,2010,13.0,1.1308732694038788,1.1217515787916739
205,2010,14.0,5.90196026400801,1.0856025433672494
206,2010,15.0,16.293064444897333,0.2881356846804895
207,2010,16.0,1.5323834175043263,0.09343756311509151
208,2010,17.0,0.3370201289701411,3.2171093511145212
209,2010,18.0,3.768076935686266,0.49201682228743526
210,2010,19.0,0.8198508472833409,0.4648342621096284
211,2010,20.0,0.41920619052892355,0.2328270729363865
212,2010,21.0,0.7312573873289127,0.9939242821452497
213,2010,22.0,0.07852297371372094,0.13314971822406677
214,2010,23.0,0.6331546138478967,3.32482065727126
215,2010,24.0,1.6003284694406512,1.6057517490050626
216,2010,25.0,0.4864968709219616,1.8134283932745259
217,2010,26.0,3.556629321917459,0.36860555263299183
218,2010,27.0,1.6605580649898368,1.1663155284907925
219,2010,28.0,0.3781995075325053,1.1496155280200595
220,2010,29.0,0.5998942088405753,1.4185792783347024
221,2010,30.0,0.06532718739796385,0.12862809149965673
222,2010,31.0,0.5514356963963297,2.639542937245838
223,2010,32.0,0.3792215583112032,1.4665548496197491
224,2010,33.0,0.47979769810394224,0.7880736682770642
225,2010,34.0,1.1797531736244034,0.9986295012195909
226,2010,35.0,0.20417692481401262,1.5800026256860367
227,2010,36.0,0.24635439960776,2.358372765086859
228,2010,37.0,0.014356289435584122,0.5053609557357509
229,2010,38.0,1.105093893248651,0.9989061948109971
230,2010,39.0,0.3849366844240937,1.0595033660435134
231,2010,40.0,4.932640818551176,1.02988714483297
232,2010,41.0,0.513300454263895,1.5275519992237665
233,2010,42.0,0.6018660231156282,0.30290985393039116
234,2010,43.0,0.023910211799482252,0.05886999297656876
235,2010,44.0,2.3684481234237174,0.33218259060617455
236,2010,45.0,0.015351870571520895,0.19930845429260843
237,2010,46.0,3.524750197739279,0.36028105532966687
238,2010,47.0,2.8864669321173775,3.5547870688562653
239,2010,48.0,2.174390659209345,0.7094779492412964
240,2010,49.0,0.13548212946905555,0.13882308808470809
241,2010,50.0,0.022057234967506747,0.5313817576912441
242,2010,51.0,0.06172381587296623,0.6235994846531389
243,2010,52.0,1.2317069040836133,4.153454707339308
244,2010,53.0,0.2836715176598672,1.2036789554043836
245,2010,54.0,2.6117542950918065,2.3116438194082938
246,2010,55.0,5.193362160621744,2.5359377220799977
247,2010,56.0,0.5010543856817128,1.2994430957941696
248,2010,57.0,0.3906438895525953,0.3714405429704675
249,2010,58.0,0.5158142370355141,2.8996459951140334
250,2010,59.0,0.549795906613197,2.284407020717166
251,2010,60.0,0.44752503097224144,5.09353557118787
252,2010,61.0,1.975769277748249,0.1179480746374527
253,2010,62.0,1.9038367167662391,0.11329494790773496
254,2010,63.0,0.39240083163838585,0.2260967724508281
255,2010,64.0,2.7547599456874035,0.31636327958181615
256,2010,65.0,0.39583783765158176,0.1964924725980922
257,2010,66.0,0.16592225705322738,0.9713846750053892
258,2010,67.0,4.43024380287561,0.5873964281850608
259,2010,68.0,0.3446887183312933,0.6528225470275402
260,2010,69.0,0.8238767789988132,0.6297582666241589
261,2010,70.0,0.6296237176878868,0.5201074356009625
262,2010,71.0,0.756066404838789,0.05612595664835709
263,2010,72.0,0.2658089276518857,1.6659760740193152
264,2010,73.0,0.5199919876468875,1.4385443147923747
265,2010,74.0,1.5801887836170219,0.7421398698981152
266,2010,75.0,4.186042795968767,0.11801754250328779
267,2010,76.0,0.4659841783517776,1.0233585863343257
268,2010,78.0,0.20426203876586504,3.0245417913828954
269,2010,79.0,0.03174502969388362,2.274606311307492
270,2010,80.0,21.801355764656474,0.5275294936107855
271,2010,81.0,0.01795040020447644,0.38161868166934115
272,2010,82.0,0.11756237758944955,0.8774008038796086
273,2010,83.0,0.30899333581888155,0.9938377158714244
274,2010,84.0,0.35162224343038323,1.4105270591715902
275,2010,85.0,0.5167498780988612,0.9542500505665782
276,2010,86.0,0.04408957906001834,0.37789465775497844
277,2010,87.0,0.22590602489671047,0.653757072957111
278,2010,88.0,0.04974699988595022,2.240456127429461
279,2010,89.0,0.42907618618388826,1.5971070614336336
280,2010,90.0,0.19096581726862163,0.4773402494510617
281,2010,91.0,0.049407783093907275,0.1948754213300457
282,2010,92.0,8.932473395278944,2.5093703796828146
283,2010,93.0,0.08268308587937472,2.1131260616224785
284,2010,94.0,1.1243153023442183,0.3127998885134314
285,2010,95.0,0.4756875021035907,0.21001777181606612
286,2010,96.0,0.8609387517264423,1.3247158546718782
287,2010,97.0,0.13103989990238799,0.03800883850897587
288,2011,1.0,0.2549259561125651,1.6550014170447387
289,2011,2.0,0.0222246010007893,0.3086955282899836
290,2011,3.0,2.3395986301718805,0.31957417880763356
291,2011,4.0,0.36301443799529964,1.337059888858534
292,2011,5.0,0.18796526580988832,0.7020582043377058
293,2011,6.0,0.10507165047425521,0.04653651490740587
294,2011,7.0,0.13857235163073292,1.0982735237664185
295,2011,8.0,0.45087228592947115,0.9274943301432462
296,2011,9.0,3.0406091890551505,0.48673130179466223
297,2011,10.0,0.007019376408234834,3.6008749497874835
298,2011,11.0,0.3986581897755819,3.337400350392298
299,2011,12.0,0.26372918685384844,1.6916743554027271
300,2011,13.0,0.9159692409552868,1.0209955399363733
301,2011,14.0,7.348024748657476,0.4954286090981453
302,2011,15.0,15.242145374566466,0.21396122118670943
303,2011,16.0,1.5388498413075298,0.11247829850646388
304,2011,17.0,0.3052217184177939,3.0422686865994653
305,2011,18.0,2.3573187758782637,0.3887373815131499
306,2011,19.0,0.77277556507638,0.4357817583507813
307,2011,20.0,0.44586505198393755,0.23410026332514008
308,2011,21.0,0.8604194918443802,1.1384314947295016
309,2011,22.0,0.09839145916088166,0.13944067424757564
310,2011,23.0,0.7361928266899223,3.1244037660921626
311,2011,24.0,1.3194771793248106,1.7266064673089145
312,2011,25.0,0.3804085788992385,1.7461977434250668
313,2011,26.0,2.725731418468185,0.31529821109983225
314,2011,27.0,1.5941170528652249,1.1721875563767399
315,2011,28.0,0.383804582649883,1.202531479381339
316,2011,29.0,0.6637472047028576,1.4052291262078551
317,2011,30.0,0.0717063698466941,0.11964940954049408
318,2011,31.0,0.4921639003150593,2.9354001348725385
319,2011,32.0,0.3411578056454321,1.4976959606879852
320,2011,33.0,0.4797656227490212,0.7748878520439999
321,2011,34.0,1.2510251228294547,0.9862123688706622
322,2011,35.0,0.2003130102477054,1.503998906893189
323,2011,36.0,0.25832187773800314,2.7756433203109383
324,2011,37.0,0.021594138522898355,0.5724380395287659
325,2011,38.0,1.6325242826223387,0.8946829931714931
326,2011,39.0,0.3722546072317967,1.180125352425398
327,2011,40.0,5.431093490477165,1.0483110307762877
328,2011,41.0,0.4792694550423178,1.547092095152732
329,2011,42.0,0.5379283006361536,0.275161530380257
330,2011,43.0,0.01734987146704826,0.062024829182794665
331,2011,44.0,2.3224043452465137,0.3562374626366596
332,2011,45.0,0.01948288058540281,0.21693515569105862
333,2011,46.0,3.348670362333672,0.4373126676097143
334,2011,47.0,2.9068093434886317,3.363889723302071
335,2011,48.0,1.8846085837061062,0.7401796051689555
336,2011,49.0,0.07645549388198583,0.16918610189742775
337,2011,50.0,0.04759880788333763,0.5668943876774529
338,2011,51.0,0.0483824354984644,0.6728607642652312
339,2011,52.0,1.0640884491765872,4.216610910136948
340,2011,53.0,0.38326569611044403,1.1857964103400935
341,2011,54.0,2.422287038709436,2.576018071515991
342,2011,55.0,4.991490655192328,2.8145342913026
343,2011,56.0,0.48484700533756053,1.4602006670339844
344,2011,57.0,0.3788838094551694,0.38286719138173575
345,2011,58.0,0.4983785790758465,2.7928331927500167
346,2011,59.0,0.49300132456694146,2.5197956036915863
347,2011,60.0,0.3240904034652951,5.062706713067316
348,2011,61.0,1.9320530081097738,0.11101705984200237
349,2011,62.0,1.922622897581005,0.11475390750832236
350,2011,63.0,0.4681708414691176,0.2034045803166747
351,2011,64.0,2.9318328572661225,0.3348926274326695
352,2011,65.0,0.33268183158926523,0.18592664093985056
353,2011,66.0,0.12822521749891663,1.0781805014141714
354,2011,67.0,4.417017512524871,0.37455862523445915
355,2011,68.0,0.33839193798309575,0.6477468164135897
356,2011,69.0,0.8017702603622788,0.7075427135254176
357,2011,70.0,0.5298652625184224,0.5061463002879313
358,2011,71.0,0.5018032261989896,0.05035202313772585
359,2011,72.0,0.24938401315157063,1.6805689981415377
360,2011,73.0,0.663596691701132,1.1896234214320018
361,2011,74.0,1.6123941393910979,0.7234378853607274
362,2011,75.0,3.508412693930593,0.13321140506735718
363,2011,76.0,0.424996044670388,1.1079134736755665
364,2011,78.0,0.19563663142727966,2.8951448726486886
365,2011,79.0,0.029382313929797493,2.010841212537925
366,2011,80.0,20.13593650336307,0.4689439269158789
367,2011,81.0,0.0318060863344346,0.34806223986675006
368,2011,82.0,0.10618125086347883,0.9024267105629228
369,2011,83.0,0.23326819849933655,1.0062683249747642
370,2011,84.0,0.32955398258758706,1.3902233888632065
371,2011,85.0,0.4524503800288425,0.9248525596883597
372,2011,86.0,0.04257580752895262,0.44602211319275614
373,2011,87.0,0.21405097012762886,0.6746502210047399
374,2011,88.0,0.18396739551396793,1.8255353439214954
375,2011,89.0,0.6864886352452236,1.144316148471336
376,2011,90.0,0.1666334079239824,0.4664776563775606
377,2011,91.0,0.044040169193566674,0.15393082503115674
378,2011,92.0,8.410008688152724,2.957566189880387
379,2011,93.0,0.037024076536277525,0.9643784857842931
380,2011,94.0,0.9276497628784773,0.3005994594638103
381,2011,95.0,0.45718268101097875,0.2298507286856711
382,2011,96.0,0.8532622922634622,1.3326510376473453
383,2011,97.0,0.13809606980907468,0.04292366010080625
384,2012,1.0,0.24929458143414754,1.146399976111427
385,2012,2.0,0.02116605082936195,0.1697394804506161
386,2012,3.0,2.6085657054434703,0.31189957386357975
387,2012,4.0,0.3454400118855712,1.220484934107615
388,2012,5.0,0.2259427357520362,0.6311204037830982
389,2012,6.0,0.14457836870495852,0.05655219822387115
390,2012,7.0,0.14792690152491383,0.8420570770172002
391,2012,8.0,0.40732435248725757,0.8351542786879698
392,2012,9.0,3.9930974601861458,0.5473494241565388
393,2012,10.0,0.016351895299591402,2.574414371010377
394,2012,11.0,0.2844657126649663,3.0553568811686045
395,2012,12.0,0.24339082203810317,1.350743905509571
396,2012,13.0,0.7018980258467087,0.7928354449112601
397,2012,14.0,7.013809098949819,0.44734372019855784
398,2012,15.0,16.69994082861409,0.17959433247682968
399,2012,16.0,1.8298884569692353,0.11455372999709394
400,2012,17.0,0.321325355950704,3.3893680573869847
401,2012,18.0,2.1880937999839833,0.38662755646916863
402,2012,19.0,0.8533570448961184,0.4310348650590271
403,2012,20.0,0.453253992180065,0.23850933296422275
404,2012,21.0,1.020701146450672,1.0370772434506632
405,2012,22.0,0.10136330030627427,0.12102023275482135
406,2012,23.0,0.790593243496823,3.3210366704299172
407,2012,24.0,1.6677928655029688,1.9963224504503987
408,2012,25.0,0.31612369347608577,1.7883225325552952
409,2012,26.0,2.201770350002694,0.19591438279257917
410,2012,27.0,1.5986309097302969,1.1217293093525145
411,2012,28.0,0.40984887592562075,1.4412324591146821
412,2012,29.0,0.5130279887902258,1.3470139822157654
413,2012,30.0,0.08130638518309184,0.1169484567703272
414,2012,31.0,0.5796877400687663,2.7020683385058755
415,2012,32.0,0.5615023708982206,1.447364682384408
416,2012,33.0,0.48128696720626557,0.7933082218819066
417,2012,34.0,1.5432875629355878,0.9762225034899319
418,2012,35.0,0.1436728353166765,1.4831807353062254
419,2012,36.0,0.27878323211656586,2.4637919515147333
420,2012,37.0,0.008874921374674136,0.47306850086096364
421,2012,38.0,1.9026337187320341,0.9285509524795693
422,2012,39.0,0.384925871538987,1.1488575190983301
423,2012,40.0,4.4522559615179755,1.1674624389423713
424,2012,41.0,0.4854976393185957,1.43043330624403
425,2012,42.0,0.6739807693445943,0.39390454297585115
426,2012,43.0,0.029530736300676038,0.04592706048486692
427,2012,44.0,2.579112645098061,0.3387748928621193
428,2012,45.0,0.02278321883718366,0.246092560911767
429,2012,46.0,3.7681668090044544,0.19814249764529157
430,2012,47.0,3.264467596753949,2.968764411100173
431,2012,48.0,2.0301980413568717,0.7639759373160265
432,2012,49.0,0.07690231462340848,0.16992106532933746
433,2012,50.0,0.03298441725617879,0.3356946182117387
434,2012,51.0,0.035117492026721334,0.641087906540542
435,2012,52.0,1.0267563398905593,3.4989322361356354
436,2012,53.0,0.3874901530782858,1.1507979522934693
437,2012,54.0,2.6019320752528166,2.613530675576574
438,2012,55.0,5.009321919013564,3.1483044975534997
439,2012,56.0,0.599254875028479,1.5665150063721456
440,2012,57.0,0.43511043998118126,0.3751105397237343
441,2012,58.0,0.5587684862385373,2.4791872742194543
442,2012,59.0,0.5389042077239824,2.2914570886831234
443,2012,60.0,0.41986499557637574,4.865479535564742
444,2012,61.0,2.0615768293410937,0.1363487765427038
445,2012,62.0,2.010294277798459,0.13805252703506474
446,2012,63.0,0.6368555495499603,0.19540792198119422
447,2012,64.0,3.4438879199436316,0.35641208968913135
448,2012,65.0,0.3184573279927639,0.25178757516407235
449,2012,66.0,0.11821201276062306,0.9477895827988942
450,2012,67.0,4.5720989214621115,0.42643523460560656
451,2012,68.0,0.3054019657495356,0.7362801831721341
452,2012,69.0,0.7472823427455311,0.9596794990055934
453,2012,70.0,0.5435336653261325,0.5980486321154787
454,2012,71.0,0.5507578640759146,0.02686564513880631
455,2012,72.0,0.16238180048247133,1.9688337197901133
456,2012,73.0,0.5571086496920254,1.4553318455023463
457,2012,74.0,1.0270133448354772,0.7582172028104814
458,2012,75.0,3.511834150449336,0.19797115466427406
459,2012,76.0,0.44037476921545937,1.0957224237064054
460,2012,78.0,0.1034746474082592,2.56103148136546
461,2012,79.0,0.04371550691062194,2.0373144899487223
462,2012,80.0,24.53769725751288,0.42253312571205714
463,2012,81.0,0.07759961605035402,0.649982690241221
464,2012,82.0,0.1330569559537779,0.9946934292926809
465,2012,83.0,0.2615921044878978,1.0441810195127184
466,2012,84.0,0.38803654616372846,1.466224321007594
467,2012,85.0,0.44964915893778473,0.9224213157822351
468,2012,86.0,0.07813171014515802,0.3505303138838156
469,2012,87.0,0.3145759032269267,0.756380872500921
470,2012,88.0,0.07322444147725543,2.219480032025466
471,2012,89.0,0.7668633914931672,1.7856886349146015
472,2012,90.0,0.21740601092573855,0.4788751567042079
473,2012,91.0,0.044881126753691096,0.1302367236157703
474,2012,92.0,9.210237800196941,2.555426146432764
475,2012,93.0,0.06032879708570539,1.3975634623367192
476,2012,94.0,0.8991264233681971,0.35855852104238856
477,2012,95.0,0.5629148703523689,0.2802175512850948
478,2012,96.0,0.8405458804328018,1.2715782104155988
479,2012,97.0,0.13155659674511883,0.0455052729368245
480,2013,1.0,0.3101745856923951,1.5196265743708253
481,2013,2.0,0.024198000964729356,0.21768555884574062
482,2013,3.0,2.746400484508489,0.24634901705453222
483,2013,4.0,0.28243777994423547,1.3455930513546552
484,2013,5.0,0.22228930718719578,1.0578526597978695
485,2013,6.0,0.09426581261903998,0.029111569641006963
486,2013,7.0,0.14620158659398477,0.9629332928604954
487,2013,8.0,0.3925334738622835,0.6315187476446947
488,2013,9.0,4.545888170229675,0.28020287560273877
489,2013,10.0,0.01578151493146354,2.5187844806228306
490,2013,11.0,0.3882727800866988,1.391523284023827
491,2013,12.0,0.27837103845421807,1.3649335941800027
492,2013,13.0,0.9991173782953958,1.0051064603040614
493,2013,14.0,7.19639777923952,0.10521369252267526
494,2013,15.0,17.389420517695775,0.2451410199464892
495,2013,16.0,1.9817727984768607,0.10301187149053681
496,2013,17.0,0.41687681914471447,3.3587468063527557
497,2013,18.0,2.4940711877031307,0.4818023101377397
498,2013,19.0,0.9138295093703553,0.5611450696411469
499,2013,20.0,0.4198140385713168,0.25218327701320753
500,2013,21.0,1.0176979074764354,1.1147721704242548
501,2013,22.0,0.10974676338153992,0.12327672528809577
502,2013,23.0,0.9784007949529846,3.2126882733660653
503,2013,24.0,1.937509895965617,1.77407039056834
504,2013,25.0,0.36145076856328956,1.8844424796139492
505,2013,26.0,3.012373035535615,0.21984476952271362
506,2013,27.0,1.6169112668667447,1.3493068648296296
507,2013,28.0,0.3448716034997725,1.366256138403856
508,2013,29.0,0.5194497548365042,1.399601048401021
509,2013,30.0,0.08995837476782671,0.13401508895939776
510,2013,31.0,0.9058855177151001,2.0538222521774006
511,2013,32.0,0.5730389717063847,1.540876648721821
512,2013,33.0,0.4920042290031834,0.9357939770449295
513,2013,34.0,1.63733405806244,0.9252288178212769
514,2013,35.0,0.15638919269611287,1.5620834142727276
515,2013,36.0,0.37937884573642383,2.602355646015762
516,2013,37.0,0.02341564430676776,0.49574886239173027
517,2013,38.0,1.8393415290739166,1.0798422945900013
518,2013,39.0,0.3898893347962257,1.2351260498735357
519,2013,40.0,4.318574333902639,1.0694704299080855
520,2013,41.0,0.4696743211332234,1.3796251434607412
521,2013,42.0,0.6752181507539488,0.47655308737252483
522,2013,43.0,0.02476182051296667,0.059818051293411494
523,2013,44.0,2.4623881970594224,0.30736705454003066
524,2013,45.0,0.011529882262307417,0.25168319945669415
525,2013,46.0,3.8636115558918847,0.10423198178466457
526,2013,47.0,3.9906879427091373,3.051845087036774
527,2013,48.0,2.0593795898440677,0.7785605484283085
528,2013,49.0,0.08883065312846956,0.19454692494490913
529,2013,50.0,0.03408504554697692,0.2114347067399928
530,2013,51.0,0.05580181611158395,0.8294607746682484
531,2013,52.0,1.1850412545380027,3.5991327557937716
532,2013,53.0,0.22533351743535293,1.0405221127651354
533,2013,54.0,2.4346975024781354,2.5577358653229068
534,2013,55.0,5.368970760596884,3.1772037569320077
535,2013,56.0,0.5842595968571785,1.6346816721279929
536,2013,57.0,0.45075462488743473,0.34371570107968635
537,2013,58.0,0.7331652793407634,2.5586591759397863
538,2013,59.0,0.5151378770495845,2.4113913647713914
539,2013,60.0,0.44858663406868815,4.465138677711734
540,2013,61.0,2.0950199026903196,0.14886917867836288
541,2013,62.0,2.1429443996035604,0.16047474542178097
542,2013,63.0,0.5357499686877372,0.2613823014809253
543,2013,64.0,3.668544338891231,0.38411129051133264
544,2013,65.0,0.39750768038652895,0.22213246966631517
545,2013,66.0,0.07842345983490107,0.8465043157555509
546,2013,67.0,4.992759413245751,0.5261966722345287
547,2013,68.0,0.3422503044065724,0.7027249005363966
548,2013,69.0,0.7642824099345367,0.7975039046775195
549,2013,70.0,0.5334456652614523,0.5799015911203107
550,2013,71.0,0.4104018977442315,0.04591337563490163
551,2013,72.0,0.17599523101313547,2.045810542599894
552,2013,73.0,0.6376550679038441,1.4331418105068099
553,2013,74.0,0.8936133138433519,0.7056099838775115
554,2013,75.0,3.625517189766701,0.2529366744258999
555,2013,76.0,0.42097589144018954,1.0338164558881682
556,2013,78.0,0.12610060305531123,2.801069891081121
557,2013,79.0,0.08523299813378887,2.1321696040520255
558,2013,80.0,24.039292350855238,0.3268166157687911
559,2013,81.0,0.056173824333098,0.4089278755770831
560,2013,82.0,0.13518821173581236,0.9412419585113083
561,2013,83.0,0.260834003014008,1.0862971333004436
562,2013,84.0,0.3923067364054477,1.3549845595762935
563,2013,85.0,0.4343103965643411,0.9105658631978311
564,2013,86.0,0.043428976444416956,1.4513133783221133
565,2013,87.0,0.3101932322564043,0.5990161960520072
566,2013,88.0,0.04028465942825091,1.100263741966621
567,2013,89.0,0.7365401712727828,0.9872055755074608
568,2013,90.0,0.21883692662367782,0.49531989338524685
569,2013,91.0,0.06273699139108126,0.18745926061241364
570,2013,92.0,10.026770952393953,2.6671037393242987
571,2013,93.0,0.01177429027541335,1.490295361046936
572,2013,94.0,0.9591623277843498,0.4302771092448
573,2013,95.0,0.747487112217618,0.27699568375442274
574,2013,96.0,0.8890347050675803,1.3483948411240787
575,2013,97.0,0.15418375150319896,0.02484622690597372
576,2014,1.0,0.28298165810306847,2.8477471872771503
577,2014,2.0,0.023345139140798003,0.34809341302704205
578,2014,3.0,2.820028353699583,0.2445711277526484
579,2014,4.0,0.26526384687072124,1.352454409459797
580,2014,5.0,0.23454848682864293,1.3691806875520147
581,2014,6.0,0.0986273661007558,0.036025912569016
582,2014,7.0,0.16882896089447164,0.9090607452525524
583,2014,8.0,0.5951424905534937,0.7209762225366112
584,2014,9.0,3.8104753870199293,0.371901353699452
585,2014,10.0,0.013574073185210698,2.630375909687822
586,2014,11.0,0.3505894217296617,1.748238298016512
587,2014,12.0,0.36046943393399605,1.348588283258692
588,2014,13.0,1.2056763288954835,1.0386330299532216
589,2014,14.0,7.2466549821299795,0.17196487078837147
590,2014,15.0,19.801875584751322,0.1884628807185471
591,2014,16.0,2.2273128461316674,0.13618855414479275
592,2014,17.0,0.6021680105170459,3.019494951865075
593,2014,18.0,2.62279878790889,0.9299686261888913
594,2014,19.0,1.0476316554771599,0.5258987193484098
595,2014,20.0,0.4819983172176271,0.2526237651829088
596,2014,21.0,1.2013679936020987,1.035722496749287
597,2014,22.0,0.11649367733373951,0.1364153952865941
598,2014,23.0,1.0025777869671995,3.407850976939933
599,2014,24.0,2.267121387340869,1.8086529741893873
600,2014,25.0,0.34530917412354706,2.0015518912456844
601,2014,26.0,1.3525749467703694,0.16468623473108812
602,2014,27.0,1.684194176841468,1.4903025294048804
603,2014,28.0,0.3603376016597879,1.370606776347752
604,2014,29.0,0.6497261212373406,1.4992850574517291
605,2014,30.0,0.09577720547276898,0.14126354152702958
606,2014,31.0,0.7098299526880435,2.4435241449209277
607,2014,32.0,0.5693753300641582,1.5831030616062884
608,2014,33.0,0.5554019669407044,0.9052089826179511
609,2014,34.0,1.6026361631366526,0.9383607740343338
610,2014,35.0,0.15553744409551246,1.512995741340073
611,2014,36.0,0.20051178657276325,1.7262497098157694
612,2014,37.0,0.0288003203289695,0.47485240222777153
613,2014,38.0,2.0995560045867974,1.0563853553686777
614,2014,39.0,0.4190655362555902,1.2860474556550843
615,2014,40.0,3.671118024179327,0.9984956140075012
616,2014,41.0,0.459673294685411,1.4599051810193653
617,2014,42.0,0.6805065078149832,0.28194840267221544
618,2014,43.0,0.018135660732652256,0.13134033225540517
619,2014,44.0,2.499368185143528,0.2962278014771625
620,2014,45.0,0.012160364938858114,0.27102348029419027
621,2014,46.0,3.883605004118563,0.10541598106217968
622,2014,47.0,3.851510730649822,3.3326761044995448
623,2014,48.0,2.063981220758185,0.7862260814489537
624,2014,49.0,0.07628011849568672,0.26638142612005644
625,2014,50.0,0.055029072116810074,0.2362543811276226
626,2014,51.0,0.04537650437166003,0.8808026638315267
627,2014,52.0,1.4603455682882405,4.010035088757216
628,2014,53.0,0.31998743504805727,1.0360404841716775
629,2014,54.0,2.4284949922722188,2.7581165538024672
630,2014,55.0,5.626482875987517,3.26658512149622
631,2014,56.0,0.6326739180126247,1.7631523428132845
632,2014,57.0,0.4181532578726929,0.341399233114637
633,2014,58.0,0.7023734717957977,2.6382342121870046
634,2014,59.0,0.49329372230763013,2.630819306000439
635,2014,60.0,0.416891617191691,4.630146510959606
636,2014,61.0,2.070345373299919,0.1257036413806166
637,2014,62.0,2.0963080610108356,0.19512279419645331
638,2014,63.0,0.5003311428177933,0.28043184453228814
639,2014,64.0,3.63878627883271,0.3463672830245207
640,2014,65.0,0.34351263902245627,0.25398771485249005
641,2014,66.0,0.08407321033529373,1.440318820521372
642,2014,67.0,4.406432003573801,0.9643225037268696
643,2014,68.0,0.3242423415848125,0.8146510544143011
644,2014,69.0,0.7872122095150104,0.8970246749691237
645,2014,70.0,0.5019406875463811,0.5530554639656479
646,2014,71.0,0.6086301015223617,0.023400890784919016
647,2014,72.0,0.2592790562118099,1.811087530022039
648,2014,73.0,0.5322328692703102,1.3470798985721784
649,2014,74.0,1.13695852274794,0.8299510177940806
650,2014,75.0,3.5952959949108467,0.18816724509290425
651,2014,76.0,0.3427505291393536,0.9556405130121962
652,2014,78.0,0.1253388710511287,2.2564518510970104
653,2014,79.0,0.08079840138318246,2.0882509785234524
654,2014,80.0,28.429164361173466,0.3091912608516412
655,2014,81.0,0.06440218929223175,0.5949972596777464
656,2014,82.0,0.127982906388409,0.8240525133290166
657,2014,83.0,0.22593704431545078,0.9821361163963895
658,2014,84.0,0.45037023237926993,1.3068510752952156
659,2014,85.0,0.4212453546062438,0.8771112280548087
660,2014,86.0,0.054905342629944516,0.4255515166675535
661,2014,87.0,0.34796392793033637,0.47137714612803544
662,2014,88.0,0.029696375215160734,0.973118239597997
663,2014,89.0,0.5960453819280446,1.1392903589184542
664,2014,90.0,0.24288827355087583,0.4498979016984576
665,2014,91.0,0.06618092539102291,0.22422430525996276
666,2014,92.0,10.557900465309846,2.541783337779536
667,2014,93.0,0.03766882883242652,5.15349395350802
668,2014,94.0,0.8448786044235508,0.3864180642541532
669,2014,95.0,0.7607600099194616,0.24455547426111432
670,2014,96.0,0.9450074706460098,1.3435523436473213
671,2014,97.0,0.11963742455763224,0.027212749073438458
672,2015,1.0,0.032714516719369105,2.2675485223582204
673,2015,2.0,0.03025634843945584,0.3250655517389387
674,2015,3.0,2.8824170031826895,0.3394389820472219
675,2015,4.0,0.5545543995942619,1.3186017941972739
676,2015,5.0,0.24791872038305618,1.2718797622915277
677,2015,6.0,0.10306925163235071,0.02702059245714673
678,2015,7.0,0.1342886242489118,1.023951747615356
679,2015,8.0,0.6730150238012313,0.6334240790876373
680,2015,9.0,5.104156111062423,0.3278476175548516
681,2015,10.0,0.004578960554127253,3.1703628239834676
682,2015,11.0,0.10940117104587958,2.6569246249214094
683,2015,12.0,0.32492027543800706,1.3997163934918266
684,2015,13.0,1.489172180117297,1.1126959631081366
685,2015,14.0,9.030103771902308,0.13266838557808264
686,2015,15.0,18.59527933685679,0.21169114062363056
687,2015,16.0,2.523091687023519,0.16470752206518488
688,2015,17.0,0.4465543531177498,2.474715101198373
689,2015,18.0,2.88229797378614,0.5658548504592972
690,2015,19.0,1.0054907234551846,0.6723666257788182
691,2015,20.0,0.6625758113767877,0.3953135271666935
692,2015,21.0,0.7592767742671636,1.2184214977282184
693,2015,22.0,0.05934828033126803,0.29814379577627176
694,2015,23.0,0.9671624537284119,3.5597640956777905
695,2015,24.0,2.0517195377283826,1.640008431066687
696,2015,25.0,0.40058221755634976,1.7916573154519673
697,2015,26.0,2.1491908592175433,0.190106796748338
698,2015,27.0,1.9197974593327216,1.0789346412307577
699,2015,28.0,0.5080092539659236,1.1795677895513785
700,2015,29.0,0.5019555158825468,1.3379368518013792
701,2015,30.0,0.08866027739236224,0.18424176090417704
702,2015,31.0,0.4268184175115266,2.6069381285863353
703,2015,32.0,0.7977649749183062,1.9185888086066574
704,2015,33.0,0.5386872545305591,1.2623280832198172
705,2015,34.0,1.152103087760746,1.0504539741914765
706,2015,35.0,0.15922512322661647,1.7715966032813868
707,2015,36.0,0.15654564731610732,1.9376292137061684
708,2015,37.0,0.011928369625597046,0.7001891452440038
709,2015,38.0,1.622626064600766,1.261944573443938
710,2015,39.0,0.39688746166856353,1.4039353714453167
711,2015,40.0,3.8226624324868896,1.0553097613852642
712,2015,41.0,0.48796173163574397,1.6575653672216066
713,2015,42.0,0.789722552957578,0.8388488752808813
714,2015,43.0,0.02127441718238077,0.13131609037276226
715,2015,44.0,3.3326879903714652,0.326408587735366
716,2015,45.0,0.003345280111839684,0.05754390255920914
717,2015,46.0,3.971751294617081,0.1382218290582861
718,2015,47.0,4.38618950623464,2.6923331157042827
719,2015,48.0,2.029520617160759,0.8524989839207314
720,2015,49.0,0.05386640125395539,0.3978658999281852
721,2015,50.0,0.009691720563350357,0.9982057283735303
722,2015,51.0,0.02694660630873123,0.9828230582499278
723,2015,52.0,1.404944375201366,3.5790336768029887
724,2015,53.0,0.3237497731631069,1.32236942255298
725,2015,54.0,2.1260150754916647,3.277358871555734
726,2015,55.0,5.679028327831223,3.3138535082988434
727,2015,56.0,0.7357379922584145,1.874708335556513
728,2015,57.0,0.4847547920262671,0.44229203688790847
729,2015,58.0,0.4314543848911743,3.641006730663724
730,2015,59.0,0.552097386288439,3.6907959721166232
731,2015,60.0,0.3785063278236276,7.521032040328011
732,2015,61.0,2.4023016420939123,0.22096141763143906
733,2015,62.0,2.4209213032756938,0.45942625268849613
734,2015,63.0,0.42743238468951855,0.4846901466480052
735,2015,64.0,4.624920294425468,0.6650116992985766
736,2015,65.0,0.30700431854050486,0.4315501974920188
737,2015,66.0,0.10706758708613404,2.714682171115341
738,2015,67.0,5.308053729156796,1.5501125236567808
739,2015,68.0,0.3002370349226577,1.1759889996631694
740,2015,69.0,0.8224226481824946,1.4469491659718756
741,2015,70.0,0.46817321691502867,0.6379674055145053
742,2015,71.0,0.8396347952988747,0.1377797987015492
743,2015,72.0,0.37008807541288324,1.8861817268076415
744,2015,73.0,0.42439642945611644,1.4907365448713195
745,2015,74.0,1.0921352190333218,0.739671745421321
746,2015,75.0,3.96213734094106,0.1893007612392924
747,2015,76.0,0.3147231933495867,0.874036222758485
748,2015,78.0,0.34586066046026487,2.1790517388094086
749,2015,79.0,0.11219173418995182,2.158487803423592
750,2015,80.0,32.19790002227773,0.24989822774026355
751,2015,81.0,0.07107391414866032,0.6256123845661307
752,2015,82.0,0.14161850026926848,1.2605026629647826
753,2015,83.0,0.21556185808678366,1.2862813912404414
754,2015,84.0,0.4252591265312628,1.4986670824528372
755,2015,85.0,0.45433077753634243,0.9693000238205646
756,2015,86.0,0.024805089187209906,0.6602294527251986
757,2015,87.0,0.3546990773204721,0.5093907665747052
758,2015,88.0,0.037404082390285594,0.9515391679116734
759,2015,89.0,0.5219851530869584,0.6913685938709654
760,2015,90.0,0.2748932115667327,0.7252197826673294
761,2015,91.0,0.049348086749637185,0.6975689539320351
762,2015,92.0,12.251128425428496,2.6910958490111443
763,2015,93.0,0.0031810679349461076,0.6360101160658934
764,2015,94.0,0.9446993022301767,0.669121215454287
765,2015,95.0,0.7978862488441426,0.5235287790452615
766,2015,96.0,0.8404041311915037,1.8691205591463969
767,2015,97.0,0.1287083334964689,0.2182071735283744
768,2016,1.0,0.2877496904787581,3.3853496402863517
769,2016,2.0,0.029939867424421226,0.607925070541052
770,2016,3.0,2.7153272801921315,0.36423935161689985
771,2016,4.0,0.44410792135144117,1.2649701335513353
772,2016,5.0,0.2782675695125272,1.267401742110236
773,2016,6.0,0.12127469642934013,0.032440034415024
774,2016,7.0,0.13395158429407064,1.1948875892910047
775,2016,8.0,0.5804247788340052,0.7915393478438558
776,2016,9.0,4.116716007206568,0.6330214008375048
777,2016,10.0,0.013154280963051395,3.384315298305588
778,2016,11.0,0.2606991563612595,2.4446818831174393
779,2016,12.0,0.2369429658516579,1.5707720388598334
780,2016,13.0,1.4517456432100095,1.250077764282794
781,2016,14.0,8.519708121428827,0.345045852335896
782,2016,15.0,19.433118708216583,0.2524022948074638
783,2016,16.0,2.428755207017055,0.20725674713165423
784,2016,17.0,0.5598859497157794,5.16836184964008
785,2016,18.0,2.6053469778357394,0.8479560089576226
786,2016,19.0,1.2276700233637798,0.560459704929455
787,2016,20.0,0.6279901112298394,0.3474382423800866
788,2016,21.0,1.3568540028519107,1.1620562616845316
789,2016,22.0,0.14550332563421944,0.16495655911807194
790,2016,23.0,0.8505179540251728,3.7941479017743984
791,2016,24.0,2.3955971881432507,1.6606379764270782
792,2016,25.0,0.45174122334616507,2.052592128494557
793,2016,26.0,2.2304644777661196,0.20292299151153131
794,2016,27.0,1.9719310608290581,1.4192168351128311
795,2016,28.0,0.5621753037431013,1.5177718087656344
796,2016,29.0,0.58490042126852,1.4632223676834941
797,2016,30.0,0.10022048815386919,0.17770452146982027
798,2016,31.0,0.6946810650924053,2.946962221776536
799,2016,32.0,0.8476877404435856,1.846876307849123
800,2016,33.0,0.6055689217185345,1.024337500145132
801,2016,34.0,1.575321617658869,1.0051399697715584
802,2016,35.0,0.2058264865002631,1.8239851286895477
803,2016,36.0,0.21987735348797932,2.3151821421020897
804,2016,37.0,0.02587874174699523,0.5262250547161001
805,2016,38.0,1.9143436473135862,1.2166807771132808
806,2016,39.0,0.4153189195511875,1.4385782246256333
807,2016,40.0,3.5031839126625774,1.1180202263597352
808,2016,41.0,0.5166807898557029,2.000175209326761
809,2016,42.0,0.799139922013019,0.4059249785813638
810,2016,43.0,0.034926776136618654,0.11326926683094601
811,2016,44.0,2.8317308237623693,0.3480047568267597
812,2016,45.0,0.012854864597352026,0.3536144136867821
813,2016,46.0,3.6362854091427486,0.13560589850491317
814,2016,47.0,4.295393817731539,3.2592551486500474
815,2016,48.0,2.2617165028373347,0.9139228838160659
816,2016,49.0,0.09915392383786438,0.4312750190562888
817,2016,50.0,0.038460310869808,0.2553653114155565
818,2016,51.0,0.020985545700169205,1.2971928819063099
819,2016,52.0,1.5237500909113533,4.626669314523317
820,2016,53.0,0.23451955970181787,1.1765912222304014
821,2016,54.0,2.296078699264465,3.5396548033886033
822,2016,55.0,5.385725433012059,3.832305657416161
823,2016,56.0,0.7661202208167455,2.170622528223826
824,2016,57.0,0.5289937969728845,0.4134567208774772
825,2016,58.0,0.6739749017794668,3.4749581243186034
826,2016,59.0,0.5947603178799101,2.762248872818355
827,2016,60.0,0.3694472706862553,5.1156979822657505
828,2016,61.0,2.2118615308875764,0.1293992918966711
829,2016,62.0,2.2619306280724416,0.17314795057456142
830,2016,63.0,0.5001118532400574,0.24908655206845506
831,2016,64.0,4.494270503164218,0.43667936877394886
832,2016,65.0,0.43102900472202466,0.35946402748460166
833,2016,66.0,0.100902349199798,0.7935863625035343
834,2016,67.0,6.781871286862417,1.2313360382089547
835,2016,68.0,0.34083778140453275,0.7810322394296624
836,2016,69.0,0.8695402432196271,1.0768372870329703
837,2016,70.0,0.45584359186565465,0.567435559104368
838,2016,71.0,0.9361148127422896,0.17098764422300602
839,2016,72.0,0.4687532016436639,2.1221485050889024
840,2016,73.0,0.47596173843822537,1.283517365836461
841,2016,74.0,1.2761022827828556,1.011048528800884
842,2016,75.0,3.7913264824747577,0.21532907442367483
843,2016,76.0,0.2845167238344219,0.9995468743146287
844,2016,78.0,0.20588052229130513,2.3680397732627045
845,2016,79.0,0.08198748900457713,2.4779877209708108
846,2016,80.0,27.108124965312197,0.274775750587653
847,2016,81.0,0.04533521531698063,0.8063579455266182
848,2016,82.0,0.15823193644805125,0.9634385648428317
849,2016,83.0,0.21086995968866576,1.083373814430646
850,2016,84.0,0.47231858841579294,1.347847751408536
851,2016,85.0,0.40291592794592324,0.8621165297227715
852,2016,86.0,0.26405083118949885,0.47019339865429044
853,2016,87.0,0.4171288165770892,0.46069299000372993
854,2016,88.0,0.04952775351009387,1.1561612288585892
855,2016,89.0,0.735821092811179,1.2372704341144822
856,2016,90.0,0.2364350138668274,0.5271844112939171
857,2016,91.0,0.06619749851583435,0.23049424414858904
858,2016,92.0,11.297675874953386,2.5700940803265278
859,2016,93.0,0.0018189465573657806,4.975805918102136
860,2016,94.0,0.8288831407213051,0.3977139482604399
861,2016,95.0,0.674129767333501,0.2885091185622131
862,2016,96.0,0.9076862534168935,1.5089677334939549
863,2016,97.0,0.18851795333506804,0.029446753843828583
864,2017,1.0,0.26814005159638715,2.5446530221086374
865,2017,2.0,0.021872789493715752,0.47323243298679435
866,2017,3.0,2.3936047838907286,0.34980800036462373
867,2017,4.0,0.4336944364892399,1.1836376096270917
868,2017,5.0,0.2569649961628445,1.2429179194259947
869,2017,6.0,0.10036748978135353,0.033427699596145576
870,2017,7.0,0.12676122465972384,1.235181900042061
871,2017,8.0,0.7052928122592125,0.9230530353496251
872,2017,9.0,4.01428755785584,0.6224467672819162
873,2017,10.0,0.006939703827499001,3.302003034901985
874,2017,11.0,0.3409293675001736,1.6831127427149049
875,2017,12.0,0.2644100155716616,1.5841968477956525
876,2017,13.0,1.3863945638748894,1.0245855913919164
877,2017,14.0,8.869470230082396,0.2720803787643757
878,2017,15.0,20.551653897815406,0.20767025365250477
879,2017,16.0,2.3249847599993863,0.15407335051919505
880,2017,17.0,0.4657400437861013,5.1084290823414
881,2017,18.0,2.1614538780741834,1.3458441033676625
882,2017,19.0,1.3048796524331419,0.5053369520154806
883,2017,20.0,0.6828466324566322,0.37035755243868496
884,2017,21.0,1.0635202157767722,1.1892575038180775
885,2017,22.0,0.13447632643230448,0.11823709082130178
886,2017,23.0,0.9002593220148372,3.852277897302237
887,2017,24.0,2.6639540715363292,1.7779689779658652
888,2017,25.0,0.5895942144984025,4.11738730194271
889,2017,26.0,1.520958209461974,0.38832106004812145
890,2017,27.0,1.9025891334874963,1.5062069920481027
891,2017,28.0,0.6623243559213652,1.5678922371137112
892,2017,29.0,0.7268983318842371,1.5745646728657543
893,2017,30.0,0.0895476603840516,0.17116590237402965
894,2017,31.0,0.49711000952014106,3.4755673060378203
895,2017,32.0,0.7856870492106636,1.7651681201548508
896,2017,33.0,0.4950620103539434,0.8636215696966664
897,2017,34.0,1.6454237375524274,0.9756808873084376
898,2017,35.0,0.17024675382102714,1.7319472438928938
899,2017,36.0,0.2195292073812365,2.502095879232187
900,2017,37.0,0.008169159502882446,0.4952759165625842
901,2017,38.0,1.977494038886104,1.142155908560226
902,2017,39.0,0.38758452303249313,1.336861291297644
903,2017,40.0,3.9839004955847908,1.0795700969045827
904,2017,41.0,0.3830578245436504,1.8773098745646182
905,2017,42.0,0.7786697516631521,0.4612367760930472
906,2017,43.0,0.007756092845281143,0.1332350777267326
907,2017,44.0,2.8204809287767847,0.43891365206737015
908,2017,45.0,0.0172026627278727,0.28712745217454755
909,2017,46.0,3.6024387112511014,0.08456469526721694
910,2017,47.0,4.684016619643842,3.37803145830169
911,2017,48.0,2.0553183980971843,0.8735376951961804
912,2017,49.0,0.07070705350492958,0.49047807408926997
913,2017,50.0,0.014080914066533017,0.19706479574574515
914,2017,51.0,0.012994561561056646,0.8285667159604736
915,2017,52.0,1.4095728157030556,4.322347875136608
916,2017,53.0,0.21075112934599052,1.2947386666200311
917,2017,54.0,2.095337351588135,3.38102993461839
918,2017,55.0,5.084614571754911,3.522493631825665
919,2017,56.0,0.7045784593284896,1.9738417698672088
920,2017,57.0,0.4396858946687677,0.4274576301297503
921,2017,58.0,0.5204268714093263,3.183434596124696
922,2017,59.0,0.55955336256168,2.739237523790218
923,2017,60.0,0.34195283747579625,4.327455362259418
924,2017,61.0,2.0126586071207186,0.14401444418738155
925,2017,62.0,2.081265012981616,0.16200597566922592
926,2017,63.0,0.41297154016026993,0.2571510507568999
927,2017,64.0,4.150566485020528,0.45922047104152786
928,2017,65.0,0.4494237619073173,0.3263145530617245
929,2017,66.0,0.06497007811725311,1.0836805764940456
930,2017,67.0,6.601213384902452,1.2338492114373663
931,2017,68.0,0.31120351182631023,1.1759668472114644
932,2017,69.0,0.7790058753682555,1.1654756064740153
933,2017,70.0,0.3854065256357895,0.6259137432180468
934,2017,71.0,0.8448541823498338,0.16067020072584956
935,2017,72.0,0.7916931830061253,2.3310925299084286
936,2017,73.0,0.37364612967564376,0.9941853544102106
937,2017,74.0,1.2174257760826181,0.8981630567413332
938,2017,75.0,3.44422912142017,0.23429611650123477
939,2017,76.0,0.3226015484018951,1.1161362906466277
940,2017,78.0,0.2668165003037993,2.2684334962733304
941,2017,79.0,0.08716493449457542,2.313997951955902
942,2017,80.0,27.89801156540611,0.23951504556344133
943,2017,81.0,0.08377732074218046,0.5699037940856646
944,2017,82.0,0.13508649696022332,1.0432906445733745
945,2017,83.0,0.18240327783639682,1.0517728913691842
946,2017,84.0,0.41977378907847684,1.2348390063755736
947,2017,85.0,0.3489565871839335,0.8116512987264395
948,2017,86.0,0.07415270499465083,0.6421516071250406
949,2017,87.0,0.4433410451104314,0.47115153300376594
950,2017,88.0,0.04197427216916201,0.7705632551710054
951,2017,89.0,0.1826335619557921,1.3861573487490664
952,2017,90.0,0.20643659196623826,0.5222284590484259
953,2017,91.0,0.08151358916012817,0.31209298152181036
954,2017,92.0,10.529757232234806,1.947740466404638
955,2017,93.0,0.00811405711909195,4.29462529460949
956,2017,94.0,0.7597435387067627,0.380194849976477
957,2017,95.0,0.5398669987703488,0.28694877544051456
958,2017,96.0,0.8104743319433926,1.4826404507019861
959,2017,97.0,0.9732122389051756,0.0168910646496959
